{"stats":{"minecraft:used":{"minecraft:netherite_axe":5,"minecraft:netherite_sword":37,"minecraft:jungle_leaves":3,"minecraft:husk_spawn_egg":49},"minecraft:dropped":{"minecraft:iron_ingot":1,"minecraft:carrot":1},"minecraft:killed":{"minecraft:husk":43},"minecraft:custom":{"minecraft:jump":19,"minecraft:leave_game":1,"minecraft:time_since_rest":7125,"minecraft:damage_dealt":2189,"minecraft:crouch_one_cm":1779,"minecraft:sprint_one_cm":104,"minecraft:play_time":7125,"minecraft:time_since_death":7125,"minecraft:walk_one_cm":6685,"minecraft:sneak_time":1291,"minecraft:total_world_time":7125,"minecraft:mob_kills":43,"minecraft:drop":2,"minecraft:fly_one_cm":113809},"minecraft:picked_up":{"minecraft:iron_ingot":1,"minecraft:rotten_flesh":54,"minecraft:carrot":1}},"DataVersion":3953}